;P;eta_s;pr;igva
compressor;1140.000000000002;0.849999999999998;3.5136870808187197;nan
