;P;eta_s;pr;igva
compressor;774.0000000000014;0.6850000000000002;2.2185960084093472;nan
