;P;eta_s;pr;igva
compressor;774.0000000000016;0.684999999999989;2.218596008409349;nan
