;P;eta_s;pr;igva
compressor;1050.0000000000005;0.881779837037766;3.9;nan
