;Q;kA;td_log;ttd_u;ttd_l;pr1;pr2;zeta1;zeta2
condenser;-4971.0;nan;nan;21.111342911165423;-0.5179877407891809;0.9799999999999999;0.98;9749988187.54304;54645597.13118757
superheater;-184.91459778557035;nan;nan;-1.4100001044031387;5.518769476450302;0.98;1.0;17493679.400100194;0.0
evaporator;-4012.085402214431;1424.1863691182884;2.8171070087535712;5.518769476450302;1.185074167120888;0.98;0.9772024228208634;17178578.14255092;2388214887.484578
