;Q;kA;td_log;ttd_u;ttd_l;pr1;pr2;zeta1;zeta2
evaporator;-4012.085402214431;1424.1863691183141;2.81710700875352;5.518769476450302;1.1850741671208311;0.98;0.9772024228208634;17178578.14255092;2388214887.484557
superheater;-184.91459778557035;nan;nan;-1.4100001044031387;5.518769476450302;0.98;1.0;17493679.400100194;0.0
condenser;-4971.0;nan;nan;21.111342911165366;-0.5179877407892377;0.9800000000000001;0.98;9749988187.54283;54645597.13118757
