;Q;kA;td_log;ttd_u;ttd_l;pr1;pr2;zeta1;zeta2
superheater;-229.33427845445112;47.2638013745875;4.852218225886463;1.9617185567526008;9.734042185981707;0.98;1.0;10941807.766866194;0.0
evaporator;-3355.665721545549;416.11971044065916;8.064183544663127;9.734042185981707;6.59718026182702;0.98;0.9755167109682018;10737604.040659247;1489232806.1799774
condenser;-4725.0;87.46981784403194;54.018633129260444;70.51036343909254;40.32383550091578;0.98;0.98;14874610003.472824;10979023.689025167
