;Q;kA;td_log;ttd_u;ttd_l;pr1;pr2;zeta1;zeta2
superheater;-59.16763734971755;12.75671989569384;4.638154465529198;3.6499999999261945;5.79034296345111;0.85;1.0;211216947.7593792;0.0
evaporator;-2946.8323626502824;903.7813804999773;3.2605588322920274;5.79034296345111;1.6032326286272678;0.85;0.9746603669296491;179860228.0559093;1688680884.4050674
condenser;-4056.000000000001;393.9995303851302;10.294428513747988;26.530999422361276;2.593564685085312;0.95;0.98;52073732474.818436;50714845.73646691
