;pr;zeta
expansionValve;0.4706641956702168;533327567894.77515
