;pr;zeta
expansionValve;0.4488396686779101;68701864093.24845
