;P;eta_s;pr;igva
compressor;1140.000000000001;0.8500000000000005;3.5136870808187197;nan
