;P;eta_s;pr;igva
compressor;1140.0000000000018;0.8499999999999982;3.5136870808187197;nan
