;P;eta_s;pr;igva
compressor;1139.9999999999993;0.8500000000000004;3.5136870808187197;nan
