;m;m_unit;v;v_unit;p;p_unit;h;h_unit;T;T_unit;Td_bp;Td_bp_unit;vol;vol_unit;x;x_unit;s;s_unit;R410a
cycle_closer:out1_compressor:in1;0.028169516398963753;kg / s;0.0009227408320920284;m3 / s;7.968837109272621;bar;421.3736071003548;kJ / kg;273.1028441042369;K;0.10284410423690815;K;0.03275671541617138;m3 / kg;1.0;-;1810.6692524750465;J / kgK;1
compressor:out1_condensertest:in1;0.028169516398963753;kg / s;0.0002955568557836862;m3 / s;28.0;bar;461.8428854455782;kJ / kg;343.375519980441;K;24.20749289445763;K;0.010492081283814961;m3 / kg;-1.0;-;1828.4649719897002;J / kgK;1
condensertest:out1_expansionValve:in1;0.028169516398963753;kg / s;5.443990826349472e-05;m3 / s;27.44;bar;294.1083765147179;kJ / kg;318.32300166526363;K;0.014363048629718378;K;0.0019325822812314005;m3 / kg;0.1214273832642028;-;1307.392005149847;J / kgK;1
expansionValve:out1_evaporatortest:in1;0.028169516398963753;kg / s;0.00040459467622607046;m3 / s;8.0;bar;294.1083765147179;kJ / kg;273.16610786398144;K;0.043753123128567495;K;0.01436285488525298;m3 / kg;0.4251484981990818;-;1344.464436539051;J / kgK;1
evaporatortest:out1_cycle_closer:in1;0.028169516398963753;kg / s;0.0009227408320920284;m3 / s;7.968837109272621;bar;421.3736071003548;kJ / kg;273.1028441042369;K;0.10284410423690815;K;0.03275671541617138;m3 / kg;1.0;-;1810.6692524750465;J / kgK;1
