;P;eta_s;pr;igva
compressor 2;51760.05169852742;0.7999999999999998;3.5236904270543348;nan
compressor 1;48390.706583935666;0.8000000000000017;3.2979596336966592;nan
