;P;eta_s;pr
recirculation pump;10.0671172471197;0.75;1.020304050607081
heat source pump;28.692220986058665;0.7499999999996728;1.0411265822521236
