;Q;pr;zeta;D;L;ks;ks_HW;kA;Tamb
consumer;-229999.99999999985;0.9899999999999999;726495.8587909022;nan;nan;nan;nan;nan;nan
