;pr;zeta
valve;0.08868523761154805;2727509962.0363173
control valve;0.98;131560.80008359667
